Scene No.,Story/Plot Description,Cinematic Camera Techniques,Script and Screenplay Elements
1,"Opening Sequence: The film begins with an aerial shot of a dense forest, introducing the setting and tone of a barbaric clan.",Aerial shot sweeping over the forest to establish the location.,Voiceover narrates the history of the forest and the brutal tribe.
2,Introduction of Hero: Suriya’s character is shown as a fierce warrior leading a small group.,Wide shot to show Suriya's powerful presence in the frame.,"Hero speaks about his past and mission, building anticipation."
3,"Brother’s Bond: Suriya and Karthi are seen together, laughing and bonding.","Close-ups on both characters, highlighting their strong emotional bond.",Suriya and Karthi share a moment of humor before a sudden interruption.
4,"Villain Introduction: Bobby Deol’s character, the leader of the barbaric clan, is introduced in a dark cave.",Low angle shot to emphasize Bobby Deol’s imposing presence.,Villain delivers a chilling monologue about his ruthless plans.
5,The First Fight: Suriya fights a group of henchmen from Bobby Deol's clan.,Dynamic framing with quick cuts between close-ups and wide shots.,"Hero shows off his martial arts skills. One villain escapes, hinting at bigger danger."
6,"The Call for Revenge: Karthi is killed by the barbaric clan, setting the stage for Suriya’s revenge.","Slow-motion shot as Karthi falls, emphasizing the loss.",Suriya swears revenge on the clan leader.
7,"Hero’s Resolve: Suriya stands on a cliff overlooking the vast land, reflecting on his mission.","Wide shot with backlight, creating a heroic silhouette.",A monologue expressing his pain and resolve.
8,Rallying the Troops: Suriya approaches his tribe and gathers a small army.,Tracking shot moving with Suriya as he walks through the village.,"Speech to his tribe, inspiring them to join the cause."
9,Confrontation with the Clan: Suriya's first face-off with Bobby Deol's forces.,"Quick cuts and slow motion during fight, close-ups on each strike.",Intense action sequence where Suriya defeats the clan’s soldiers.
10,Emotional Flashback: Suriya remembers moments from his childhood with Karthi.,"Close-up shots of Suriya’s face, transitioning to past scenes in sepia tone.",Flashback dialogue where Karthi’s death is foreshadowed.
11,Villain’s Counterattack: Bobby Deol orders a raid on Suriya's village.,High-speed tracking shot of the barbaric clan storming the village.,Dialogue reveals Bobby Deol’s tactical genius and cold-hearted nature.
12,Tribal Fight: A massive tribal battle breaks out.,"Aerial shots showcasing the scale of the battle, mixing with ground-level action.",Suriya fights off multiple enemies in a brutal close combat scene.
13,Hero Saves the Villagers: Suriya defends a group of villagers from the barbaric clan.,Over-the-shoulder shot showing Suriya's determination as he protects others.,Dialogue emphasizes his role as a protector and leader.
14,Interrogation Scene: Suriya captures a clan member for information.,"Tight close-ups during interrogation, focusing on emotions.",Suriya uses both intimidation and empathy to extract information.
15,Preparing for the Final Battle: Suriya and his tribe train for the final clash.,Montage of action-packed training sequences with fast cuts.,Motivational dialogue from Suriya as he trains his warriors.
16,Hero’s Weakness: Suriya suffers an injury but refuses to back down.,"Slow motion shot as the injury occurs, followed by tight close-ups.",Dialogue focuses on Suriya’s internal struggle and strength.
17,A Final Duel: Suriya and Bobby Deol come face-to-face.,"Long, tension-building shot of both warriors, with close-ups as they speak.",Dialogue emphasizes their shared history and bitter rivalry.
18,Battle Begins: The final battle between Suriya’s tribe and Bobby Deol’s clan begins.,"Wide shots of the battlefield, cutting to dynamic close-ups during hand-to-hand combat.",Action-heavy scene with epic confrontations and emotional stakes.
19,"The Turning Point: Suriya’s tribe gains the upper hand, but Bobby Deol unleashes his final weapon.",High-intensity close-ups on the faces of the combatants.,"Suriya pushes his limits, realizing the battle is not over."
20,Sibling Sacrifice: Karthi’s death is avenged.,Slow-motion sequence as Suriya defeats Bobby Deol’s character.,Emotional dialogue where Suriya finally avenges his brother.
21,"Victory and Aftermath: Suriya’s tribe celebrates, but he remains somber.","Wide shot of the village in celebration, cutting to close-ups of Suriya reflecting.",Suriya speaks about sacrifice and the price of victory.
22,"The Final Peace: Suriya returns to his village, now at peace.","Wide, serene shot of the peaceful village as the camera pans.",Final reflective monologue about the journey and the cost of war.
23-29,"Series of Action Sequences: Suriya fights various clan members, gaining intel on Bobby Deol’s whereabouts.","Quick cuts, slow-motion punches, and wide action shots to showcase the hero's prowess.",Action-packed dialogue highlighting Suriya’s growing resolve.
30-32,Villain’s Revenge: Bobby Deol plans his retaliation against Suriya’s tribe.,Low-angle shots to make the villain appear larger-than-life.,Villain’s dialogue reveals his desire to crush Suriya’s spirit.
33-35,Hero’s Struggle: Suriya faces personal challenges and internal conflict.,Close-ups and medium shots to emphasize emotional depth.,Dialogue explores Suriya's doubts and motivations.
36-42,Subplots of Allies: Introducing secondary characters and their struggles against the clan.,"A mix of dynamic framing, close-ups, and tracking shots.",Side stories build emotional stakes leading to the final conflict.
43-45,Discovery of the Past: Suriya uncovers a family secret related to the clan leader’s origins.,"Flashback scenes with sepia tones, revealing hidden backstory.",Emotional dialogue revealing past trauma and betrayal.
46-50,Preparation for the Final Confrontation: Suriya plans his final assault against the barbaric clan.,Close-up and wide shots of Suriya strategizing with his allies.,Dialogue focusing on Suriya’s leadership qualities and preparation.
51-54,Climactic Confrontation: The final battle begins.,"Wide shots showcasing the scale, mixed with slow-motion action.",The intense final showdown with personal stakes for the hero.
55-58,Sacrifice and Victory: The hero makes a sacrifice to ensure the clan’s defeat.,"Slow-motion, close-ups during the emotional sacrifice.",Dialogue reveals the hero’s true heart and his commitment to his people.
59,The Villain’s Defeat: Bobby Deol’s character is finally defeated in a dramatic fashion.,Slow-motion and dramatic close-ups during the final blow.,Villain’s last words reveal his regrets and failed ambitions.
60,"End Scene: Suriya stands victorious but reflective, with the peaceful landscape in the background.",Wide shot as the camera pans out over the peaceful village.,"Final monologue about sacrifice, peace, and the future."
,,,
"This breakdown assumes a typical commercial Tamil action-drama structure and includes elements of action, emotional depth, and heroism, which are central to Siruthai Siva’s direction style. The combination of cinematic camera techniques and strong screenplay elements is designed to enhance the mass appeal of the film while keeping it engaging and visually compelling.",,,